,id,evaluator_1,evaluator_2,evaluator_3
0,334,Sales,Sales,Sales
1,345,Health,Health,Health
2,514,Health,Health,Health
3,561,Index of,Index of,Index of
4,746,Health,Sales,Sales
5,823,Health,Health,Health
6,940,Health,Health,Health
7,1454,Activities,Unrelated,Activities
8,1686,Health,Sales,Health
9,1696,Activities,Sales,Sales
10,1959,Health,Health,Health
11,2089,Health,Health,Health
12,2188,Activities,Activities,Unrelated
13,2224,Sales,Sales,Sales
14,2324,Activities,Health,Health
15,2326,Health,Unrelated,Health
16,2433,Health,Health,Health
17,2558,Tools,Health,Health
18,2586,Tools,Tools,Tools
19,2821,Tools,Tools,Tools
20,3188,Tools,Tools,Tools
21,3342,Health,Tools,Tools
22,3347,Health,Health,Health
23,3636,Health,Health,Health
24,4004,Activities,Sales,Unrelated
25,4759,Health,Health,Health
26,4890,Unrelated,Unrelated,Unrelated
27,5065,Sales,Sales,Health
28,5253,Activities,Unrelated,Health
29,5308,Unrelated,Unrelated,Unrelated
30,5357,Unrelated,Unrelated,Unrelated
31,5412,Activities,Unrelated,Health
32,5513,Tools,Tools,Tools
33,5547,Health,Tools,Tools
34,5815,Index of,Unrelated,Unrelated
35,5949,Health,Tools,Health
36,5992,Health,Health,Health
37,6176,Health,Health,Unrelated
38,6380,Sales,Health,Health
39,6620,Health,Health,Health
40,6702,Tools,Tools,Tools
41,6988,Unrelated,Activities,Health
42,7149,Tools,Tools,Tools
43,7208,Activities,Unrelated,Activities
44,7240,Index of,Index of,Index of
45,7347,Tools,Tools,Tools
46,7399,Health,Health,Activities
47,7735,Health,Health,Health
48,7925,Unrelated,Unrelated,Unrelated
49,8077,Health,Health,Tools
50,8327,Index of,Unrelated,Unrelated
51,8349,Index of,Index of,Index of
52,8380,Health,Health,Unrelated
53,8401,Sales,Sales,Sales
54,8662,Health,Unrelated,Health
55,8800,Index of,Index of,Index of
56,8826,Health,Health,Activities
57,9067,Activities,Health,Health
58,9092,Tools,Tools,Tools
59,9232,Unrelated,Unrelated,Unrelated
60,9259,Health,Health,Health
61,9297,Tools,Tools,Health
62,9358,Unrelated,Health,Unrelated
63,9471,Health,Sales,Sales
64,9727,Health,Health,Health
65,9892,Login,Login,Login
66,10667,Tools,Tools,Tools
67,11098,Health,Health,Health
68,11159,Health,Sales,Sales
69,11164,Activities,Unrelated,Health
70,11172,Health,Health,Health
71,11312,Tools,Tools,Tools
72,11327,Unrelated,Unrelated,Unrelated
73,11357,Tools,Tools,Tools
74,11588,Health,Health,Sales
75,11698,Tools,Health,Tools
76,12453,Index of,Index of,Unrelated
77,12633,Unrelated,Unrelated,Unrelated
78,12708,Health,Unrelated,Health
79,12723,Tools,Tools,Tools
80,13281,Tools,Tools,Tools
81,13420,Health,Unrelated,Health
82,13450,Index of,Index of,Unrelated
83,13568,Health,Unrelated,Unrelated
84,13620,Index of,Index of,Unrelated
85,13939,Health,Health,Health
86,14177,Sales,Sales,Login
87,14234,Tools,Tools,Tools
88,14240,Tools,Tools,Tools
89,14750,Unrelated,Unrelated,Activities
90,14923,Health,Unrelated,Unrelated
91,14997,Activities,Health,Unrelated
92,15109,Health,Unrelated,Health
93,15377,Unrelated,Unrelated,Unrelated
94,15421,Tools,Tools,Tools
95,15423,Tools,Health,Tools
96,15538,Activities,Sales,Activities
97,15731,Health,Health,Health
98,15793,Health,Health,Health
99,15890,Health,Unrelated,Unrelated
100,16113,Login,Login,Login
101,16115,Health,Health,Health
102,16354,Activities,Activities,Activities
103,16439,Health,Health,Health
104,16449,Unrelated,Unrelated,Unrelated
105,16919,Index of,Index of,Index of
106,17011,Tools,Tools,Tools
107,17014,Health,Health,Health
108,17042,Sales,Unrelated,Health
109,17191,Health,Health,Health
110,17258,Health,Health,Health
111,17620,Health,Health,Health
112,17896,Activities,Sales,Unrelated
113,17905,Activities,Unrelated,Health
114,18151,Tools,Tools,Tools
115,18291,Tools,Tools,Tools
116,18763,Health,Health,Health
117,19271,Tools,Tools,Tools
118,19284,Health,Health,Health
119,19909,Login,Health,Health
120,19987,Index of,Index of,Index of
121,20051,Health,Health,Health
122,20259,Activities,Health,Social Security
123,20276,Tools,Tools,Tools
124,20461,Social Security,Unrelated,Health
125,20469,Social Security,Unrelated,Health
126,20580,Health,Health,Health
127,20938,Health,Health,Unrelated
128,21127,Health,Health,Health
129,21130,Activities,Sales,Activities
130,21160,Activities,Unrelated,Health
131,21278,Health,Sales,Health
132,21400,Index of,Index of,Index of
133,21470,Health,Tools,Tools
134,21507,Unrelated,Unrelated,Unrelated
135,21785,Login,Activities,Activities
136,21798,Health,Health,Unrelated
137,21828,Sales,Sales,Sales
138,22018,Unrelated,Unrelated,Unrelated
139,22019,Activities,Health,Unrelated
140,22063,Sales,Sales,Sales
141,22246,Health,Health,Unrelated
142,22419,Health,Sales,Unrelated
143,22644,Health,Health,Health
144,23016,Health,Unrelated,Health
145,23580,Login,Health,Unrelated
146,23801,Health,Health,Health
147,23843,Sales,Sales,Sales
148,23932,Health,Unrelated,Health
149,24051,Activities,Health,Health
150,24151,Health,Activities,Unrelated
151,24223,Unrelated,Unrelated,Unrelated
152,24308,Sales,Sales,Sales
153,24435,Health,Health,Health
154,24713,Sales,Sales,Sales
155,24720,Sales,Sales,Sales
156,24837,Health,Health,Health
157,24857,Health,Health,Health
158,25107,Health,Unrelated,Unrelated
159,25122,Health,Health,Activities
160,25439,Tools,Tools,Tools
161,25736,Unrelated,Unrelated,Unrelated
162,25859,Index of,Index of,Index of
163,26194,Health,Health,Health
164,26239,Sales,Sales,Activities
165,26352,Sales,Sales,Sales
166,26559,Health,Health,Health
167,26741,Activities,Health,Health
168,26768,Activities,Health,Health
169,26920,Activities,Health,Activities
170,27285,Activities,Sales,Unrelated
171,27409,Health,Health,Health
172,27412,Sales,Sales,Sales
173,27534,Activities,Health,Health
174,27770,Social Security,Health,Health
175,28193,Tools,Tools,Tools
176,28401,Login,Login,Unrelated
177,28411,Login,Social Security,Health
178,28633,Activities,Sales,Activities
179,28677,Sales,Sales,Health
180,28712,Sales,Sales,Sales
181,28973,Health,Unrelated,Unrelated
182,28981,Activities,Activities,Activities
183,29494,Health,Health,Activities
184,29588,Health,Health,Health
185,29943,Health,Unrelated,Unrelated
186,30312,Activities,Unrelated,Unrelated
187,30383,Health,Unrelated,Unrelated
188,30425,Health,Unrelated,Health
189,30606,Health,Unrelated,Health
190,30662,Unrelated,Unrelated,Health
191,30813,Health,Health,Health
192,30967,Unrelated,Unrelated,Unrelated
193,31127,Health,Tools,Health
194,31141,Unrelated,Unrelated,Unrelated
195,31152,Index of,Unrelated,Unrelated
196,31699,Index of,Index of,Index of
197,31735,Login,Login,Health
198,31801,Activities,Health,Activities
199,31903,Unrelated,Activities,Unrelated
200,31942,Sales,Sales,Sales
201,32066,Index of,Index of,Index of
202,32434,Health,Health,Activities
203,32548,Activities,Activities,Activities
204,32785,Health,Health,Health
205,32845,Health,Unrelated,Index of
206,32868,Tools,Tools,Tools
207,32938,Activities,Health,Health
208,33381,Tools,Tools,Tools
209,33479,Health,Health,Health
210,33492,Index of,Index of,Index of
211,33847,Health,Health,Health
212,34062,Activities,Health,Health
213,34102,Health,Unrelated,Unrelated
214,34226,Health,Unrelated,Unrelated
215,34464,Health,Health,Unrelated
216,34531,Tools,Tools,Tools
217,35010,Health,Sales,Health
218,35116,Unrelated,Sales,Sales
219,35398,Tools,Tools,Unrelated
220,35805,Sales,Activities,Unrelated
221,35868,Health,Health,Health
222,36014,Health,Health,Activities
223,36586,Activities,Unrelated,Unrelated
224,37278,Index of,Index of,Index of
225,37361,Activities,Health,Health
226,37475,Health,Health,Health
227,37527,Activities,Health,Health
228,37670,Activities,Health,Health
229,37744,Health,Health,Health
230,37842,Health,Health,Health
231,37857,Health,Health,Health
232,37898,Activities,Activities,Activities
233,37907,Activities,Health,Health
234,38323,Activities,Activities,Health
235,38364,Health,Health,Health
236,38894,Login,Health,Health
237,39519,Activities,Health,Unrelated
238,39998,Unrelated,Unrelated,Unrelated
239,40035,Index of,Index of,Index of
240,40377,Sales,Sales,Sales
241,40530,Activities,Health,Health
242,40919,Health,Health,Health
243,40984,Activities,Activities,Health
244,41227,Activities,Health,Activities
245,41449,Health,Health,Unrelated
246,41597,Tools,Tools,Tools
247,41680,Health,Unrelated,Unrelated
248,41730,Unrelated,Unrelated,Unrelated
249,41863,Health,Unrelated,Unrelated
250,42532,Activities,Activities,Activities
251,42584,Activities,Activities,Health
252,42627,Health,Tools,Tools
253,42653,Activities,Health,Health
254,42741,Tools,Unrelated,Unrelated
255,42791,Activities,Unrelated,Unrelated
256,43194,Health,Unrelated,Health
257,43747,Tools,Tools,Tools
258,44469,Sales,Sales,Unrelated
259,44539,Health,Activities,Health
260,44691,Health,Health,Unrelated
261,44721,Health,Health,Health
262,44911,Health,Unrelated,Unrelated
263,45184,Activities,Unrelated,Health
264,45197,Activities,Health,Health
265,45297,Health,Tools,Health
266,45750,Health,Unrelated,Health
267,45916,Health,Health,Unrelated
268,46377,Unrelated,Unrelated,Unrelated
269,46681,Activities,Health,Health
270,46734,Unrelated,Unrelated,Health
271,46859,Activities,Health,Health
272,46963,Activities,Activities,Health
273,47171,Social Security,Health,Unrelated
274,47482,Sales,Sales,Health
275,47835,Index of,Index of,Index of
276,47903,Sales,Health,Health
277,47920,Health,Health,Health
278,48155,Health,Health,Health
279,48159,Tools,Tools,Health
280,48583,Tools,Tools,Tools
281,48752,Tools,Tools,Tools
282,48884,Health,Sales,Health
283,48890,Tools,Tools,Health
284,48917,Activities,Activities,Health
285,48972,Health,Health,Health
286,49007,Tools,Tools,Tools
287,49505,Activities,Health,Health
288,50067,Health,Health,Health
289,50114,Login,Unrelated,Login
290,50298,Unrelated,Unrelated,Unrelated
291,50569,Activities,Unrelated,Tools
292,50712,Activities,Health,Unrelated
293,50763,Activities,Tools,Activities
294,51097,Health,Health,Health
295,51309,Tools,Tools,Tools
296,52224,Health,Health,Health
297,53070,Index of,Index of,Index of
298,53087,Unrelated,Unrelated,Unrelated
299,53249,Activities,Activities,Unrelated
300,53275,Unrelated,Unrelated,Unrelated
301,53384,Health,Unrelated,Unrelated
302,53529,Health,Health,Health
303,54119,Health,Health,Unrelated
304,54587,Unrelated,Health,Health
305,54868,Activities,Activities,Activities
306,54869,Activities,Activities,Activities
307,54922,Sales,Sales,Health
308,55037,Health,Health,Health
309,55200,Activities,Health,Unrelated
310,55217,Tools,Health,Tools
311,55296,Health,Activities,Health
312,55319,Unrelated,Unrelated,Unrelated
313,55644,Health,Sales,Health
314,55656,Health,Health,Unrelated
315,55665,Tools,Tools,Tools
316,55760,Health,Health,Health
317,55780,Activities,Health,Activities
318,56002,Health,Health,Health
319,56483,Health,Tools,Health
320,56484,Health,Health,Health
321,56651,Unrelated,Unrelated,Activities
322,56742,Sales,Health,Health
323,57119,Activities,Unrelated,Unrelated
324,57318,Health,Sales,Health
325,57375,Health,Health,Health
326,57772,Health,Sales,Sales
327,57842,Activities,Activities,Health
328,57860,Unrelated,Unrelated,Unrelated
329,57890,Health,Health,Health
330,57894,Activities,Health,Health
331,57899,Tools,Health,Tools
332,57973,Activities,Health,Activities
333,58027,Health,Tools,Health
334,58120,Health,Health,Health
335,58139,Tools,Tools,Tools
336,58380,Activities,Health,Health
337,59576,Unrelated,Sales,Sales
338,59682,Health,Health,Health
339,59694,Unrelated,Unrelated,Unrelated
340,59786,Sales,Sales,Sales
341,59835,Activities,Activities,Health
342,60297,Health,Sales,Sales
343,60524,Health,Unrelated,Unrelated
344,60821,Tools,Tools,Health
345,60858,Health,Health,Health
346,60892,Health,Health,Health
347,60933,Health,Health,Health
348,60985,Activities,Health,Health
349,61082,Activities,Health,Unrelated
350,61149,Tools,Tools,Tools
351,61232,Activities,Health,Activities
352,61316,Activities,Health,Health
353,61365,Health,Health,Health
354,61435,Activities,Unrelated,Unrelated
355,61588,Sales,Sales,Sales
356,61674,Health,Health,Unrelated
357,62128,Login,Login,Login
358,62164,Activities,Health,Unrelated
359,62165,Tools,Tools,Tools
360,62567,Login,Login,Login
361,62586,Health,Health,Health
362,62885,Activities,Unrelated,Unrelated
363,62952,Health,Sales,Health
364,63335,Health,Health,Health
365,63465,Unrelated,Unrelated,Unrelated
366,63474,Health,Activities,Health
367,63477,Health,Health,Health
368,63640,Health,Health,Health
369,63763,Login,Login,Login
370,64028,Unrelated,Unrelated,Tools
371,64228,Sales,Sales,Sales
372,64369,Tools,Health,Tools
373,64623,Health,Health,Health
374,64653,Tools,Tools,Tools
375,64830,Login,Login,Login
376,65173,Tools,Health,Unrelated
377,65229,Health,Health,Health
378,65247,Health,Sales,Sales
379,65278,Health,Health,Health
380,65356,Health,Health,Health
381,65416,Health,Sales,Health
382,65424,Activities,Health,Unrelated
383,65459,Health,Health,Health
384,65486,Activities,Health,Health
385,65592,Activities,Health,Health
386,65958,Activities,Health,Health
387,65991,Tools,Tools,Tools
388,66057,Health,Health,Health
389,66154,Activities,Tools,Health
390,66204,Index of,Unrelated,Unrelated
391,66223,Health,Health,Health
392,66480,Health,Activities,Activities
393,66702,Health,Health,Health
394,66722,Activities,Sales,Health
395,66793,Health,Unrelated,Health
396,66844,Tools,Tools,Tools
397,67346,Activities,Unrelated,Health
398,67426,Health,Health,Health
399,67504,Login,Login,Login
400,67531,Activities,Health,Health
401,67616,Health,Health,Health
402,67752,Login,Login,Login
403,67767,Health,Unrelated,Unrelated
404,67913,Health,Sales,Sales
405,67949,Health,Health,Health
406,67995,Tools,Tools,Tools
407,68025,Social Security,Health,Health
408,68026,Sales,Sales,Sales
409,68276,Sales,Sales,Sales
410,68521,Health,Health,Health
411,68929,Login,Login,Login
412,69355,Activities,Activities,Activities
413,69456,Activities,Unrelated,Unrelated
414,69583,Health,Sales,Health
415,69671,Health,Health,Health
416,70187,Social Security,Social Security,Health
417,70352,Health,Health,Health
418,71078,Health,Health,Health
419,71173,Health,Health,Health
420,71174,Tools,Tools,Tools
421,71284,Tools,Tools,Tools
422,71735,Tools,Tools,Tools
423,71822,Activities,Unrelated,Unrelated
424,71837,Health,Health,Health
425,71860,Index of,Index of,Index of
426,71888,Health,Health,Health
427,71992,Activities,Sales,Health
428,72759,Health,Sales,Sales
429,72897,Health,Health,Health
430,73108,Health,Health,Health
431,73192,Health,Unrelated,Activities
432,73209,Activities,Activities,Health
433,73480,Health,Health,Tools
434,73495,Activities,Activities,Activities
435,73602,Tools,Tools,Tools
436,73695,Activities,Health,Health
437,73740,Sales,Sales,Sales
438,74519,Health,Health,Health
439,74644,Activities,Unrelated,Unrelated
440,74778,Unrelated,Health,Health
441,74822,Health,Health,Health
442,75077,Health,Health,Health
443,75274,Activities,Activities,Health
444,75284,Health,Health,Health
445,75516,Activities,Activities,Activities
446,75526,Activities,Health,Health
447,75533,Tools,Tools,Tools
448,75547,Login,Login,Login
449,75573,Health,Health,Health
450,75575,Health,Health,Health
451,75751,Login,Login,Unrelated
452,76282,Social Security,Unrelated,Unrelated
453,76387,Unrelated,Unrelated,Unrelated
454,76543,Health,Health,Health
455,76947,Health,Sales,Health
456,77168,Login,Health,Activities
457,77609,Health,Health,Unrelated
458,77619,Health,Unrelated,Unrelated
459,77831,Activities,Activities,Activities
460,77901,Health,Health,Health
461,78036,Activities,Health,Unrelated
462,78264,Activities,Unrelated,Health
463,78408,Health,Health,Health
464,78439,Health,Health,Health
465,78498,Health,Health,Tools
466,79223,Tools,Tools,Tools
467,79253,Health,Health,Health
468,79360,Sales,Sales,Sales
469,79831,Activities,Sales,Unrelated
470,79852,Tools,Tools,Tools
471,80099,Activities,Activities,Activities
472,80806,Login,Login,Login
473,81453,Activities,Health,Health
474,82488,Health,Health,Unrelated
475,82559,Activities,Unrelated,Health
476,82665,Activities,Health,Activities
477,82718,Activities,Health,Unrelated
478,82805,Health,Activities,Unrelated
479,82841,Unrelated,Unrelated,Unrelated
480,82864,Health,Health,Health
481,83094,Health,Health,Health
482,83100,Sales,Sales,Sales
483,83339,Unrelated,Tools,Unrelated
484,83391,Health,Unrelated,Health
485,83413,Health,Sales,Health
486,84225,Tools,Tools,Tools
487,84324,Health,Sales,Sales
488,84549,Activities,Sales,Unrelated
489,84610,Activities,Unrelated,Health
490,84810,Tools,Tools,Tools
491,84905,Activities,Unrelated,Unrelated
492,85918,Login,Activities,Login
493,86013,Health,Health,Health
494,86047,Health,Unrelated,Unrelated
495,86170,Activities,Sales,Unrelated
496,86220,Activities,Health,Activities
497,86433,Health,Health,Health
498,86448,Health,Health,Health
499,87318,Index of,Index of,Index of
500,87381,Tools,Tools,Health
501,87504,Tools,Tools,Health
502,87513,Tools,Tools,Tools
503,87657,Activities,Health,Unrelated
504,87745,Unrelated,Unrelated,Unrelated
505,87921,Unrelated,Health,Unrelated
506,87928,Activities,Health,Activities
507,87953,Tools,Health,Health
508,88283,Health,Tools,Health
509,88540,Unrelated,Unrelated,Unrelated
510,88550,Sales,Unrelated,Health
511,88883,Activities,Health,Health
512,89805,Health,Health,Health
513,89844,Health,Health,Health
514,89856,Activities,Health,Health
515,90004,Unrelated,Unrelated,Unrelated
516,90103,Index of,Index of,Index of
517,90192,Tools,Health,Health
518,90442,Health,Unrelated,Unrelated
519,90934,Health,Health,Health
520,91031,Activities,Activities,Activities
521,91068,Sales,Sales,Sales
522,91132,Activities,Activities,Unrelated
523,91137,Activities,Activities,Activities
524,91152,Activities,Unrelated,Unrelated
525,91229,Health,Health,Health
526,91252,Health,Sales,Unrelated
527,91461,Health,Unrelated,Unrelated
528,91462,Health,Sales,Sales
529,91608,Activities,Activities,Health
530,91714,Sales,Sales,Sales
531,91734,Activities,Health,Activities
532,91784,Health,Health,Health
533,91814,Tools,Tools,Tools
534,92042,Activities,Activities,Health
535,92059,Activities,Health,Health
536,92063,Activities,Health,Health
537,92168,Sales,Sales,Sales
538,92303,Tools,Tools,Health
539,92349,Health,Health,Health
540,92623,Health,Health,Health
541,92987,Health,Sales,Sales
542,93182,Activities,Health,Health
543,93591,Health,Sales,Health
544,93799,Health,Health,Unrelated
545,94016,Sales,Sales,Unrelated
546,94545,Health,Health,Health
547,94651,Health,Health,Health
548,94946,Sales,Sales,Sales
549,94981,Health,Unrelated,Health
550,95190,Tools,Tools,Tools
551,95228,Login,Health,Health
552,95237,Health,Health,Sales
553,95340,Tools,Tools,Unrelated
554,95342,Tools,Tools,Tools
555,95779,Unrelated,Unrelated,Unrelated
556,95948,Health,Health,Health
557,96185,Activities,Sales,Unrelated
558,96299,Social Security,Unrelated,Unrelated
559,96367,Activities,Health,Health
560,96402,Health,Sales,Health
561,97235,Activities,Unrelated,Unrelated
562,97658,Health,Unrelated,Health
563,97762,Tools,Tools,Tools
564,97887,Sales,Unrelated,Sales
565,98793,Health,Health,Health
566,99436,Activities,Activities,Activities
567,99470,Tools,Tools,Tools
568,99542,Health,Health,Unrelated
569,99673,Tools,Tools,Tools
570,99707,Sales,Sales,Sales
571,99758,Unrelated,Sales,Sales
572,99981,Unrelated,Unrelated,Unrelated
573,100002,Social Security,Activities,Health
574,100004,Health,Health,Health
575,100132,Activities,Health,Health
576,100347,Tools,Tools,Tools
577,100445,Tools,Tools,Tools
578,100460,Tools,Unrelated,Unrelated
579,100537,Health,Health,Health
580,100574,Health,Health,Activities
581,100727,Unrelated,Unrelated,Unrelated
582,100869,Health,Health,Health
583,100997,Health,Health,Health
584,101083,Activities,Health,Health
585,101319,Activities,Health,Health
586,101626,Health,Sales,Unrelated
587,101775,Health,Sales,Unrelated
588,101801,Health,Unrelated,Unrelated
589,102151,Health,Health,Health
590,102308,Login,Login,Login
591,102438,Tools,Tools,Tools
592,102439,Health,Health,Health
593,102500,Tools,Tools,Tools
594,102556,Activities,Health,Health
595,102577,Sales,Sales,Unrelated
596,102996,Sales,Unrelated,Unrelated
597,103077,Health,Unrelated,Unrelated
598,103231,Activities,Health,Unrelated
599,103235,Tools,Health,Unrelated
600,103287,Activities,Activities,Health
601,103419,Health,Unrelated,Health
602,103485,Tools,Tools,Tools
603,103659,Activities,Health,Health
604,103729,Sales,Sales,Unrelated
605,103735,Sales,Sales,Sales
606,103864,Activities,Tools,Health
607,104187,Activities,Unrelated,Unrelated
608,104273,Index of,Index of,Index of
609,104284,Tools,Tools,Tools
610,104506,Activities,Activities,Health
611,104600,Health,Health,Health
612,104611,Health,Health,Activities
613,105003,Health,Health,Health
614,105021,Tools,Tools,Tools
615,105035,Health,Unrelated,Activities
616,105038,Activities,Health,Health
617,105104,Health,Health,Health
618,105202,Tools,Tools,Tools
619,105474,Activities,Health,Unrelated
620,105504,Tools,Tools,Tools
621,105780,Health,Health,Health
622,105865,Login,Login,Login
623,106835,Tools,Tools,Tools
624,106874,Tools,Tools,Tools
625,106999,Tools,Tools,Tools
626,107097,Health,Tools,Health
627,107499,Tools,Tools,Tools
628,107528,Tools,Health,Tools
629,107752,Tools,Tools,Health
630,108320,Tools,Tools,Tools
631,108377,Health,Health,Unrelated
632,108518,Tools,Tools,Health
633,108690,Activities,Health,Unrelated
634,108789,Unrelated,Unrelated,Unrelated
635,108969,Tools,Tools,Tools
636,109175,Tools,Health,Health
637,109417,Health,Health,Health
638,109531,Health,Health,Unrelated
639,109535,Unrelated,Unrelated,Unrelated
640,109692,Index of,Index of,Index of
641,109719,Tools,Tools,Tools
642,109731,Health,Health,Health
643,109735,Sales,Sales,Health
644,110194,Login,Login,Login
645,110451,Tools,Unrelated,Activities
646,110543,Activities,Health,Unrelated
647,110728,Health,Health,Health
648,111113,Sales,Sales,Sales
649,111134,Health,Health,Health
650,111490,Unrelated,Unrelated,Unrelated
651,111614,Health,Sales,Health
652,111725,Health,Sales,Health
653,112115,Sales,Sales,Sales
654,112197,Login,Login,Login
655,112233,Health,Unrelated,Health
656,112237,Health,Health,Unrelated
657,112476,Health,Health,Health
658,112641,Activities,Unrelated,Activities
659,112670,Activities,Health,Health
660,112679,Health,Health,Health
661,112909,Health,Tools,Health
662,114334,Unrelated,Unrelated,Unrelated
663,114465,Health,Health,Health
664,115157,Health,Health,Health
665,115182,Health,Sales,Health
666,115363,Activities,Sales,Sales
667,115387,Activities,Sales,Activities
668,115404,Tools,Tools,Tools
669,115499,Health,Health,Unrelated
670,115718,Activities,Health,Health
671,115868,Activities,Activities,Unrelated
672,116166,Health,Sales,Unrelated
673,116539,Health,Health,Health
674,116574,Health,Unrelated,Unrelated
675,116612,Tools,Tools,Tools
676,116658,Health,Health,Health
677,116680,Health,Health,Health
678,116705,Health,Health,Unrelated
679,116829,Tools,Tools,Tools
680,117026,Health,Health,Health
681,117030,Health,Tools,Health
682,117143,Unrelated,Unrelated,Health
683,117179,Sales,Sales,Sales
684,117253,Sales,Sales,Sales
685,117340,Tools,Tools,Tools
686,117383,Activities,Health,Health
687,117403,Sales,Sales,Sales
688,117615,Unrelated,Unrelated,Unrelated
689,117740,Health,Unrelated,Unrelated
690,118045,Health,Health,Health
691,118047,Activities,Health,Unrelated
692,119039,Unrelated,Unrelated,Unrelated
693,119082,Activities,Activities,Health
694,119096,Health,Sales,Health
695,119152,Health,Health,Health
696,119261,Health,Health,Health
697,119315,Health,Health,Unrelated
698,119660,Activities,Activities,Activities
699,119843,Tools,Tools,Tools
700,120106,Sales,Sales,Health
701,120262,Unrelated,Unrelated,Unrelated
702,121386,Tools,Health,Health
703,121516,Health,Health,Unrelated
704,121595,Health,Health,Health
705,121940,Health,Health,Health
706,122351,Activities,Health,Health
707,122378,Health,Unrelated,Unrelated
708,122449,Health,Health,Health
709,122474,Tools,Tools,Tools
710,122479,Activities,Activities,Unrelated
711,122645,Activities,Unrelated,Unrelated
712,123110,Health,Health,Health
713,123156,Tools,Health,Activities
714,123217,Activities,Health,Activities
715,123223,Activities,Health,Tools
716,123224,Activities,Sales,Activities
717,123346,Activities,Health,Activities
718,123605,Sales,Sales,Sales
719,124253,Health,Health,Health
720,124999,Activities,Social Security,Activities
721,125528,Activities,Tools,Health
722,125687,Tools,Tools,Tools
723,125721,Sales,Sales,Sales
724,125763,Activities,Health,Health
725,125775,Activities,Unrelated,Unrelated
726,126017,Activities,Sales,Health
727,126424,Unrelated,Health,Activities
728,126571,Activities,Sales,Sales
729,126579,Health,Health,Health
730,126829,Social Security,Social Security,Health
731,127088,Sales,Sales,Health
732,127117,Activities,Activities,Health
733,127132,Activities,Health,Health
734,127416,Sales,Sales,Sales
735,127497,Tools,Tools,Tools
736,127503,Health,Unrelated,Health
737,127536,Sales,Sales,Sales
738,127550,Index of,Unrelated,Unrelated
739,127886,Unrelated,Unrelated,Health
740,128028,Activities,Sales,Sales
741,128049,Activities,Health,Health
742,128133,Tools,Tools,Tools
743,128302,Sales,Sales,Sales
744,128397,Health,Sales,Login
745,128534,Health,Tools,Tools
746,128675,Health,Health,Health
747,128678,Activities,Health,Health
748,128720,Activities,Unrelated,Activities
749,129002,Health,Health,Health
750,129207,Activities,Activities,Activities
751,129312,Health,Health,Health
752,129328,Health,Sales,Health
753,129465,Activities,Health,Health
754,129719,Activities,Health,Health
755,129885,Health,Sales,Sales
756,129928,Activities,Health,Activities
757,129959,Unrelated,Unrelated,Unrelated
758,130000,Health,Health,Health
759,130068,Health,Sales,Health
760,130314,Activities,Unrelated,Unrelated
761,130612,Health,Health,Health
762,131084,Health,Sales,Health
763,131227,Activities,Health,Unrelated
764,131916,Health,Health,Health
765,132095,Activities,Sales,Health
766,132136,Activities,Unrelated,Health
767,132215,Health,Health,Health
768,132349,Sales,Sales,Sales
769,132496,Unrelated,Index of,Unrelated
770,132542,Sales,Health,Unrelated
771,132663,Health,Unrelated,Unrelated
772,132919,Health,Health,Unrelated
773,133051,Health,Sales,Health
774,133166,Health,Sales,Sales
775,133390,Health,Tools,Health
776,133457,Sales,Sales,Sales
777,133501,Activities,Health,Health
778,133558,Health,Health,Tools
779,134330,Sales,Sales,Sales
780,134483,Activities,Activities,Sales
781,134694,Activities,Activities,Activities
782,134986,Sales,Sales,Sales
783,135500,Health,Health,Health
784,135574,Sales,Sales,Health
785,136093,Health,Health,Unrelated
786,136264,Sales,Health,Activities
787,136336,Unrelated,Unrelated,Unrelated
788,136406,Sales,Sales,Unrelated
789,136434,Health,Health,Health
790,136986,Login,Login,Login
791,137033,Activities,Health,Health
792,137042,Health,Health,Health
793,137163,Sales,Sales,Sales
794,137293,Sales,Sales,Sales
795,137348,Health,Health,Health
796,137687,Health,Health,Health
797,137977,Unrelated,Unrelated,Unrelated
798,138090,Health,Health,Health
799,138123,Health,Unrelated,Unrelated
800,138348,Activities,Unrelated,Unrelated
801,138479,Health,Health,Health
802,138714,Login,Unrelated,Unrelated
803,138931,Health,Health,Health
804,139019,Login,Login,Login
805,139076,Health,Health,Unrelated
806,139110,Login,Login,Login
807,139172,Health,Health,Health
808,139279,Sales,Sales,Sales
809,139463,Sales,Sales,Sales
810,139565,Health,Health,Health
811,139631,Activities,Health,Health
812,139855,Health,Tools,Tools
813,139962,Activities,Health,Health
814,140070,Social Security,Unrelated,Unrelated
815,140139,Activities,Activities,Health
816,140159,Activities,Unrelated,Unrelated
817,140652,Health,Unrelated,Health
818,140965,Activities,Unrelated,Health
819,141084,Health,Health,Health
820,141156,Health,Health,Health
821,141318,Sales,Sales,Health
822,141345,Activities,Health,Sales
823,141503,Tools,Tools,Tools
824,141514,Activities,Tools,Health
825,141572,Tools,Tools,Tools
826,142174,Tools,Tools,Tools
827,142263,Health,Unrelated,Unrelated
828,142420,Activities,Unrelated,Unrelated
829,142794,Health,Health,Health
830,142895,Activities,Unrelated,Unrelated
831,142990,Tools,Tools,Tools
832,143240,Activities,Activities,Health
833,143273,Tools,Tools,Tools
834,143610,Login,Health,Health
835,143960,Sales,Sales,Sales
836,144234,Activities,Unrelated,Unrelated
837,144271,Activities,Unrelated,Unrelated
838,144278,Health,Unrelated,Unrelated
839,144305,Activities,Sales,Unrelated
840,144384,Sales,Sales,Sales
841,144495,Index of,Index of,Index of
842,145050,Tools,Tools,Tools
843,145247,Activities,Health,Health
844,145249,Health,Tools,Tools
845,145526,Unrelated,Unrelated,Activities
846,146077,Health,Health,Health
847,146238,Activities,Sales,Health
848,146849,Health,Sales,Sales
849,146985,Activities,Sales,Health
850,147022,Health,Health,Health
851,147120,Health,Health,Health
852,147471,Health,Activities,Sales
853,147518,Activities,Activities,Health
854,147564,Sales,Sales,Sales
855,147791,Health,Health,Unrelated
856,147972,Health,Tools,Tools
857,148064,Activities,Health,Health
858,148485,Login,Login,Login
859,148662,Sales,Sales,Activities
860,148732,Health,Health,Health
861,148839,Tools,Tools,Tools
862,148861,Health,Health,Health
863,148868,Health,Health,Health
864,148946,Activities,Sales,Health
865,149170,Activities,Activities,Unrelated
866,149243,Sales,Sales,Sales
867,149381,Tools,Tools,Tools
868,149448,Activities,Health,Health
869,149450,Health,Health,Health
870,149612,Activities,Health,Health
871,149779,Tools,Unrelated,Unrelated
872,150250,Activities,Sales,Sales
873,150356,Activities,Health,Activities
874,150395,Health,Health,Health
875,150455,Tools,Tools,Tools
876,150496,Sales,Sales,Sales
877,150571,Activities,Unrelated,Unrelated
878,150857,Health,Health,Health
879,151181,Activities,Health,Unrelated
880,151243,Tools,Tools,Activities
881,151289,Health,Unrelated,Unrelated
882,151332,Health,Health,Health
883,151417,Health,Sales,Sales
884,151512,Health,Health,Health
885,151617,Sales,Sales,Health
886,151813,Sales,Sales,Sales
887,151836,Unrelated,Unrelated,Health
888,151850,Tools,Tools,Tools
889,151889,Activities,Sales,Health
890,152586,Health,Health,Unrelated
891,152671,Health,Health,Health
892,152680,Sales,Sales,Unrelated
893,152740,Activities,Sales,Health
894,152789,Sales,Unrelated,Unrelated
895,152839,Sales,Sales,Health
896,153245,Health,Health,Health
897,153266,Activities,Health,Health
898,153568,Activities,Health,Health
899,153885,Health,Sales,Sales
900,154037,Activities,Unrelated,Unrelated
901,154095,Health,Health,Health
902,154121,Activities,Health,Health
903,154298,Activities,Activities,Activities
904,154318,Health,Health,Health
905,154617,Index of,Unrelated,Health
906,154786,Tools,Tools,Health
907,155037,Health,Health,Activities
908,155267,Health,Unrelated,Health
909,155470,Unrelated,Unrelated,Unrelated
910,155748,Login,Login,Login
911,156305,Unrelated,Unrelated,Unrelated
912,156418,Sales,Sales,Sales
913,156875,Sales,Sales,Sales
914,157094,Health,Health,Health
915,157262,Activities,Sales,Unrelated
916,157493,Activities,Health,Health
917,157699,Health,Health,Health
918,157847,Unrelated,Sales,Sales
919,158142,Health,Health,Health
920,158409,Activities,Sales,Health
921,158463,Sales,Health,Activities
922,158466,Sales,Health,Health
923,158723,Activities,Health,Unrelated
924,158806,Health,Health,Health
925,158868,Health,Tools,Tools
926,159265,Health,Health,Unrelated
927,159413,Login,Login,Login
928,159440,Tools,Tools,Unrelated
929,159553,Tools,Tools,Tools
930,159711,Activities,Sales,Sales
931,160022,Unrelated,Activities,Unrelated
932,160136,Health,Health,Activities
933,160227,Tools,Tools,Health
934,160294,Health,Tools,Unrelated
935,160789,Health,Health,Health
936,160859,Health,Health,Health
937,160995,Activities,Sales,Health
938,161143,Health,Health,Health
939,161326,Health,Health,Health
940,161572,Health,Sales,Health
941,161741,Health,Health,Health
942,161815,Activities,Health,Activities
943,161864,Activities,Sales,Unrelated
944,162100,Health,Health,Health
945,162126,Activities,Health,Health
946,162449,Activities,Health,Health
947,163304,Health,Unrelated,Health
948,163927,Activities,Health,Health
949,163935,Sales,Sales,Sales
950,164115,Health,Activities,Health
951,164440,Login,Health,Health
952,164471,Tools,Index of,Health
953,164730,Health,Health,Health
954,164786,Sales,Sales,Sales
955,164959,Activities,Unrelated,Unrelated
956,165139,Health,Health,Health
957,165330,Unrelated,Unrelated,Unrelated
958,165332,Unrelated,Unrelated,Unrelated
959,165428,Health,Health,Health
960,165505,Unrelated,Unrelated,Unrelated
961,165518,Activities,Unrelated,Unrelated
962,165604,Health,Health,Health
963,165615,Health,Health,Health
964,165837,Health,Health,Health
965,165851,Activities,Health,Health
966,165891,Health,Health,Unrelated
967,166789,Activities,Sales,Health
968,166936,Sales,Sales,Sales
969,167046,Health,Health,Health
970,167102,Activities,Sales,Sales
971,167139,Sales,Sales,Sales
972,167148,Sales,Sales,Health
973,167204,Health,Health,Health
974,167268,Health,Health,Health
975,167272,Health,Health,Health
976,167346,Unrelated,Unrelated,Unrelated
977,167560,Health,Health,Health
978,167942,Unrelated,Unrelated,Unrelated
979,167946,Activities,Unrelated,Unrelated
980,167968,Activities,Unrelated,Health
981,168064,Health,Unrelated,Unrelated
982,168396,Health,Health,Health
983,168412,Activities,Health,Health
984,168455,Sales,Sales,Sales
985,168817,Activities,Sales,Health
986,168984,Tools,Tools,Tools
987,169306,Health,Health,Unrelated
988,169404,Unrelated,Sales,Sales
989,169436,Health,Health,Health
990,169501,Health,Health,Unrelated
991,169640,Unrelated,Unrelated,Unrelated
992,169689,Activities,Social Security,Health
993,169964,Health,Health,Health
994,170132,Health,Health,Health
995,170329,Activities,Health,Unrelated
996,170386,Activities,Unrelated,Health
997,170416,Health,Unrelated,Unrelated
998,170783,Unrelated,Index of,Unrelated
999,170827,Health,Health,Unrelated
